Id,Label
0,JokerQyou
1,ternsip
2,RubyLouvre
3,tiangolo
4,nkzawa
5,dabit3
6,RCamargo15
7,identidadgh
8,camshaft
9,ozboware
10,mayaraassef
11,niushay
12,Omar95-A
13,TsutomuNakamura
14,BradleyJHumble
15,kerplunkboy
16,jp-cortes
17,KarineFAL
18,patak-dev
19,binnchx
20,leonardomso
21,slytherin-dev
22,laszlopandy
23,nunomaduro
24,benaduo
25,yusufbali13
26,mboussaid
27,toum120
28,scherii
29,yocontra
30,crfan0311
31,orta
32,jueqingsizhe66
33,murielcarl
34,duhowise
35,danmindru
36,Daniel15
37,wesm
38,aslansverdlov
39,guoguogis
40,ebidel
41,brentvatne
42,Jack000
43,vivekweb2013
44,nmn
45,gustavocostaads
46,SoftwareEngineer0
47,aguai
48,mehmetpihlis
49,marceloRLC17
50,anuraghazra
51,bebraw
52,brc-dd
53,RyanFitzgerald
54,ianobermiller
55,steffano-da-cruz
56,nelix
57,jserv
58,GDSimpson3
59,zloirock
60,CaioLuchesi
61,uranusjr
62,cw1997
63,CharlieGreenman
64,dantek302
65,flipChandler
66,douglascrockford
67,developit
68,mdhachem
69,millukii
70,yakoubi-0
71,devchimpa
72,gkeidel
73,doyoe
74,rezartmullara
75,dawidolko
76,ariabuckles
77,davkean
78,hehead
79,airen
80,potato4d
81,lucianopf
82,kornelski
83,Akryum
84,Sings168
85,mojodna
86,jeromeetienne
87,dgryski
88,arunoda
89,renawmontanari
90,AllThingsSmitty
91,fnlctrl
92,ForbesLindesay
93,adrd
94,savetheclocktower
95,bewithankit
96,vishr
97,bradtraversy
98,WardCunningham
99,ThasniT
100,yoavz
101,dabeaz
102,begeekmyfriend
103,gslmota
104,bradfitz
105,nsiebenaller
106,aivan2798
107,ananeridev
108,tufstraka
109,aramb-dev
110,tiendunghn6666
111,progrium
112,VagrantStory
113,AlphaTechnolog
114,bugbounted
115,vesparny
116,gomeo01
117,shoichiaizawa
118,3b1b
119,tmeasday
120,cpereiraweb
121,ashwinikumar01
122,sbinet
123,josevalim
124,zhanghai
125,hychen
126,christian-bromann
127,dennyzhang
128,danielmuthama
129,laravel
130,moisesfdasilva
131,serafettingunes
132,mhartington
133,igorguima
134,MuhammadMujtabaa
135,22388o
136,SumanthSMayakar
137,trupakufi
138,simurai
139,goodtocode
140,rafaelmatsumoto
141,4his2
142,stevemao
143,chiphuyen
144,tugboat62
145,aearly
146,hanxiaomax
147,jcrosby
148,hardfist
149,davyxu
150,alyssaxuu
151,chrismessina
152,vhf
153,markazz
154,kanazaya74Raccon
155,threepointone
156,vmg
157,MafujShikder
158,gabrielferrazduque
159,ethantw
160,johnbocook
161,jovasdevs
162,frankbwana
163,lipis
164,fadynabil10
165,ascoders
166,nimanikoo
167,CharmingDev777
168,turbopape
169,mholt
170,Rolemodel01291
171,carolribeiro2112
172,lins05
173,jordansinger
174,victory-a
175,JoseCage
176,orderedlist
177,AaronO
178,Los-had
179,shahradhdev
180,romafill
181,clintandrewhall
182,Happygru
183,skywind3000
184,danieltarazona
185,jussi-kalliokoski
186,dillowl601
187,GoldenDragon0710
188,KassioAraujo
189,chihchun
190,luffyli
191,gvanrossum
192,Brooooooklyn
193,wintercn
194,kenjinote
195,8adre
196,evancz
197,d2alphame
198,waltertaya
199,JohnEarnest
200,halfrost
201,NJul
202,renatogroffe
203,zgrdmr80
204,hakimel
205,Shiva-10
206,josephsavona
207,guilhermevida
208,cubby-dev123
209,EricCat
210,GabrielRioo
211,TopCodeBeast
212,Nedal-Esrar
213,arvin-1367
214,hkjang
215,jaglux12
216,ShikiSuen
217,giovannamoeller
218,Vilma487
219,sdras
220,xydudu
221,adamwathan
222,kaue
223,mmalone
224,liruijiang
225,kentcdodds
226,hmert
227,joaopedro-vidal
228,flarnie
229,SamVerschueren
230,yaoweibin
231,WebDevSimplified
232,MichalPaszkiewicz
233,priscillasantana
234,dithiane
235,nf
236,Zid95
237,dotNetkow
238,ronenhamias
239,ligiastalves
240,MengTo
241,kiaking
242,maykonmichel
243,mxcl
244,azizur
245,QidarSarhan
246,nagadomi
247,avelino
248,johno
249,AXG-coder
250,soluxit
251,phreda4
252,Magicianred
253,agundermann
254,swdreams
255,mwickerson
256,romannurik
257,vtmelo
258,matz
259,aboodman
260,m1guelpf
261,astorfi
262,0xfe
263,kazupon
264,SamroodAli
265,julien51
266,ladyleet
267,js-farnesi
268,ruanyf
269,GleidsonLeite
270,florinpop17
271,theasta
272,JeffersonRPM
273,giggio
274,faustyna77
275,theDrake
276,markwwen
277,alexaugustobr
278,zz85
279,bo-re
280,mutolisp
281,Incarnation-p-lee
282,zpao
283,goltong1
284,snyh
285,mcanthony
286,mhmmtbilgin
287,MarieleCSantos
288,neodigm
289,micaelomota
290,vancaem
291,amaurybsouza
292,Camilotk
293,posva
294,godfat
295,girliemac
296,mrtnrocks
297,c9s
298,sco
299,vinidesenvolve
300,ahmadawais
301,Guedesou
302,danielfranchi
303,cubicdaiya
304,JacksonTian
305,jaywcjlove
306,goliranyan
307,JavFuentes
308,ma6174
309,giko
310,excid3
311,artiftw
312,michaelbjames
313,sindresorhus
314,chuJianNi
315,PamelaRondina
316,ahsolopa
317,puffnfresh
318,vkarpov15
319,zxh0
320,rvagg
321,travinhbuonlam1
322,Magnarecrut2020
323,humiaozuzu
324,arnihermann
325,luismanfroni
326,Neo42
327,dhg
328,XhmikosR
329,Randomazeandidea
330,saharshxyz
331,ItsJadur
332,marciliaguilger
333,larasantos8
334,srlacerda
335,qilee
336,dennisdejeng
337,BotBitmap
338,mhaidarhanif
339,lifesinger
340,aprct
341,rmanguinho
342,flaviodut
343,fraserxu
344,adamdbradley
345,xiaq
346,jlengstorf
347,rebornix
348,alternbit
349,mstraughan86
350,madeye
351,yousifnimah
352,pehrolim
353,CodePromoter
354,victor-schumacher
355,getify
356,hacker8853
357,Sankalp679
358,badtuxx
359,fzaninotto
360,byteshiva
361,una
362,ulivz
363,vinta
364,DGKSK8LIFE
365,vkorbes
366,anapaulabds
367,matiasinsaurralde
368,tacknuzz
369,BEPb
370,F4dhil9ant3ng
371,li-jia-nan
372,eozguc
373,ktsn
374,necolas
375,technoweenie
376,adamjatim
377,jwasham
378,mnapoli
379,ashtuchkin
380,kekee000
381,wishstudio
382,LucasGabriel021
383,Shipow
384,miralice5
385,bhuztez
386,nophora
387,Nimoo22
388,sdrangan
389,williamboydisn
390,Shougo
391,timebug
392,movibe
393,reginokaa
394,mayaugusto7
395,gaearon
396,mahbubul14
397,evinw
398,Jacktony
399,mjohnston
400,jeffbcross
401,jayferreira
402,troybetz
403,SamuelOkoroShow
404,chrislgarry
405,williambroberts
406,madu-braga
407,Soldy
408,chenshuo
409,digitalcrafted
410,ErickWendel
411,jq2
412,antirez
413,elrumordelaluz
414,dybvig
415,IsabelyDev
416,alimuratumutlu
417,ramalho
418,rodriguesgio
419,markdalgleish
420,mgechev
421,thiagothree
422,eddyerburgh
423,DjebbZ
424,ai
425,jeresig
426,ndelangen
427,johnjackzx
428,omariosouto
429,zkochan
430,Nesmaz
431,jelsonjay
432,ruanhoffmann
433,lucasmacielc
434,mysticatea
435,aitjcize
436,mattt
437,svarts
438,goatslacker
439,rui314
440,Auralcat
441,hootlex
442,brianlovin
443,HooraProjects
444,oridestomkiel
445,defunkt
446,luanfreitasdev
447,JedWatson
448,maykbrito
449,spf13
450,agraebe
451,remy
452,liuchengxu
453,lepture
454,poteto
455,madskristensen
456,in28minutes
457,hakanderyal
458,Hani-Shaif
459,warrensuttonhxn
460,sechanakira
461,killme2008
462,nayel969
463,Antonio-Sitoe
464,popomore
465,Dandariene
466,wtho
467,whyrusleeping
468,mann2moon
469,winkler1
470,lkotlarenko
471,fengmk2
472,HerringtonDarkholme
473,puzrin
474,Swarnika07
475,miyagawa
476,ragingwind
477,yxlichun
478,jaaymes
479,andmironov
480,caspervonb
481,dansysanalyst
482,jareware
483,robhawkes
484,alirizaadiyahsi
485,robb0wen
486,STRML
487,lily176743
488,zehfernandes
489,egoist
490,luiscobot
491,watilde
492,wonkyungup
493,felixonmars
494,Thea-X
495,rekredhead
496,LDinizz
497,akameco
498,ludguizan
499,juliokreis
500,BiswajitThakur
501,rsms
502,ilamuniz
503,antfu
504,zmovirzynski
505,biglazy
506,rhyzx
507,xingxingxxx
508,coleifer
509,Bunlong
510,tj
511,tobie
512,rhysd
513,rayyee
514,iheanyi
515,mjackson
516,sjwhitworth
517,RaianeRocha
518,camila-maia
519,leah
520,vcampitelli
521,niw
522,felipeacardozo
523,sirthias
524,RafaelPrincival
525,Saidiislam
526,mattn
527,kevinkassimo
528,rstacruz
529,kripken
530,joaolucasgtr
531,czchen
532,penk
533,shaoyi7161
534,vladimir198321
535,mtrichardson
536,fevereiro
537,gpbl
538,ekalook
539,thebrowsercompany
540,anathlab
541,xing4git
542,pandao
543,nikitavoloboev
544,mmertpolat
545,umaar
546,armon
547,fdaciuk
548,JserJser
549,rohankumar997
550,DIYgod
551,vczh
552,MarieUS5FT
553,gessicasilva
554,lobau
555,finiteloop
556,carloscarvallo
557,motemen
558,MarchLiu
559,RafaelAmaralPaula
560,wTiger0605
561,acenelio
562,andrewsmedina
563,ryandotsmith
564,dennisnderitu254
565,amaish27
566,josh
567,manishkumar1601
568,RazielRodrigues
569,nicolasteodosio
570,devopscgtr
571,pksunkara
572,eliheuer
573,D4Fi
574,Aaronphy
575,pisual
576,staltz
577,darkwing
578,VenusGworld
579,buger
580,pfefferle
581,ngocxalo
582,nschonni
583,Mohamed988o
584,SukkaW
585,SammyLeths
586,emaestre
587,CharlesDerek
588,Robertobarross
589,pengleong
590,suissa
591,saberma
592,AnalistaMoisesInacio
593,chaopeng
594,CesarLuchesi
595,kanaka
596,mrdoob
597,sowodev
598,X-itachi-X
599,vladimir-vg
600,bvaughn
601,rauchg
602,promled1
603,ice1000
604,roxit
605,jmelo-435
606,Th3-M4jor
607,ratson
608,hoangks5
609,ingenieursaurav
610,pfrazee
611,V1nni00
612,galegobr01
613,AndreyAkinshin
614,sygops
615,davicedraz
616,eRodriguesSantana
617,bslatkin
618,OFLU61344
619,lucasassisrosa
620,Kingwl
621,woyao0650
622,hurley25
623,irvinebroque
624,woliveiras
625,gabizinha12
626,maxbyz
627,ythosa
628,zmmbreeze
629,ryangjchandler
630,helloLari
631,lmaxwell
632,Wallace-Karira-Muraya
633,chusiang
634,CarlosJordanDev
635,Leopoldthecoder
636,Yidadaa
637,camilamkp
638,docdim506
639,herbertleite
640,felipee-monteiro
641,LEOYoon-Tsaw
642,pinxue
643,unknwon
644,Pumpe
645,HcySunYang
646,Kikobeats
647,jlongster
648,raunofreiberg
649,f
650,pawelgrzybek
651,kayaumit07
652,vitasha10
653,ngothianh97
654,Mahmoud-Italy
655,EcemNazGorusuk
656,views63
657,benoitc
658,csjaba
659,cherucole
660,sergey-lapin
661,m0rp43us
662,kinglionsz
663,polytypic
664,valqma
665,subtleGradient
666,ngot
667,derekparker
668,rainyear
669,fogleman
670,YeshwanthKM
671,jhollingworth
672,jhonatangopereira
673,Curis-lab
674,Ilyes-CH
675,ramazansakin
676,walkah
677,rubenmarcus
678,karpathy
679,hewmoreira
680,yinwang0
681,tiger322
682,abraham
683,eshimischi
684,Rayane420
685,StylingAndroid
686,nivoc
687,aryashah2k
688,AnthonyNet
689,mauricio-lima
690,IAmNithi
691,wooorm
692,lucasrmagalhaes
693,neelance
694,scopes1337
695,sabinorush
696,rodolffoterra
697,peter279k
698,jhusain
699,CHRISKINUNGI
700,jvsilva04
701,Valloric
702,kolya2803
703,B-Coomber
704,dalakatt
705,xiaoweishu
706,whudn
707,gustavoguanabara
708,jsrgodoy
709,urmybestfriend
710,Curious-MX
711,voroninvalentino
712,hasanhammoudah
713,jooneboa
714,ash-bergs
715,k-cicek
716,tuxzz
717,aclaraamorim
718,CY83R-3X71NC710N
719,HorseLuke
720,amo-richard
721,fourdollars
722,singharaj-usai
723,iluwatar
724,cowboy
725,Kureev
726,thangmacao
727,vim-scripts
728,Simon-He95
729,m13253
730,lariandrade
731,kennethreitz
732,xcarpentier
733,mathiasbynens
734,halala1
735,iamralpht
736,bettyyy2
737,stephencwelch
738,yenchenlin
739,a-bemporad
740,stephenajulu
741,mariasantosdev
742,evmar
743,kulikov-dev
744,kroitor
745,phillipi
746,pi0
747,xieyuheng
748,lucasbento
749,sonalikishan
750,qingxiangchayun
751,yasssuz
752,kamranahmedse
753,wolfwarrier14
754,whtsky
755,anthrotype
756,mikedemarais
757,Justineo
758,assaf
759,nzakas
760,lukehoban
761,nex3
762,LinusBorg
763,hehonghui
764,antsfee
765,FezVrasta
766,mavericknihar
767,ryanflorence
768,KevinHock
769,stoked-zz
770,codegenius1017
771,emohawk13
772,sokra
773,insidegui
774,tata7772
775,gamemann
776,claudiacaus
777,alexlande
778,harperreed
779,PranamBhat
780,rakyll
781,lunaruan
782,fnando
783,renzon
784,popopark
785,pedroDeveloper46
786,twsm000
787,joshaber
788,Linamohamed89
789,coderyi
790,bastosmichelle848
791,JakeWharton
792,GuilhermeRRosa
793,miaoever
794,arpy8
795,davelab6
796,Erika-Skarda
797,iiizadora
798,fat
799,SedatKi
800,marichi67
801,maiconboer
802,listen1
803,lichuang
804,petk
805,markwillams111
806,kaory-china
807,mdial009
808,Dyane07
809,xiaoweiruby
810,cheeaun
811,otaviolms
812,Neustradamus
813,commonsguy
814,ElyasShamal
815,ademirdiniz
816,emmenko
817,dgfigueroa29
818,Atinux
819,QingWei-Li
820,mitsuhiko
821,ConradIrwin
822,AlbertoMonteiro
823,adaiguoguo
824,ipkn
825,unclebob
826,FlowerWrong
827,KyleAMathews
828,miguelriosoliveira
829,TenviLi
830,NARKOZ
831,revolunet
832,eduardogerentklein
833,ddx2019
834,wuman
835,leomocelim
836,joaoow
837,JCSIVO
838,Luan-Carneiro
839,jedisct1
840,0x5e
841,jedsada-gh
842,alishata128
843,arxpoetica
844,wizardforcel
845,ydnar
846,chloerei
847,hzlzh
848,ahejlsberg
849,leandrocfe
850,acgotaku
851,Leask
852,7sDream
853,michaelliao
854,robbyrussell
855,cyanharlow
856,mdo
857,devongovett
858,michael-andreuzza
859,highflyer910
860,EduardoGK
861,rlidwka
862,boltomli
863,japoewn
864,stephencelis
865,pikax
866,igrigorik
867,ronggong
868,rogerleite
869,chaoslawful
870,fkorkut
871,sebmck
872,cfjedimaster
873,realprocrastinator
874,soulmachine
875,VGA777
876,stefanbohacek
877,RHnAXiFg4Y
878,xtaci
879,andypiper
880,brianleroux
881,robpike
882,dbrgn
883,addyosmani
884,bilalq
885,HasanPolatov
886,Isaque-cdj
887,Renatomsilva
888,rezaitina3
889,simoncozens
890,mna
891,Sourabh-hulloli
892,mozillazg
893,amin19881945
894,jlsjefferson
895,thautwarm
896,liyaodong
897,kdmoreira
898,willianjusten
899,0xb0b1
900,alineai18
901,binux
902,QAInsights
903,joao5142
904,devWemillyCristhiny
905,alanchrissantony
906,BYVoid
907,barbaraportes
908,yuanchao
909,luiznasciment0
910,melsayedshoaib
911,AbhishekSRajput
912,gabuldev
913,Hossman333
914,mhmdhoseinzade
915,AkshayaBalasubramani
916,dennohpeter
917,yegle
918,gitx5622
919,DmitryBaranovskiy
920,meyerweb
921,eljovan3s
922,s8321414
923,keisanng
924,qrtt1
925,felipefialho
926,CarlosAlexandre197
927,jaseva
928,aducat5
929,zotroneneis
930,ethanflower1903
931,rafaelmatosqa
932,dwatow
933,bokuweb
934,yyx990803
935,wesbos
936,benawad
937,davecheney
938,danielroe
939,ChrisAntaki
940,pletcher
941,mblayman
942,buunguyen
943,Letuan3979
944,LeaVerou
945,ThaisDavilla
946,nvminh1991
947,iawia002
948,leggett
949,pedronauck
950,sonburn
951,nickmessing
952,MarisaKirisame
953,SimonSapin
954,klauspost
955,tantek
956,halilxibrahim
957,TayschreN
958,OmarSkalli
959,nathanwang
960,qyuhen
961,phamtoantn1
962,safaeean
963,ArefMq
964,surma
965,btracey
966,Sherlockcxk
967,laryscampark
968,ericclemmons
969,cumsoft
970,ijagjeet
971,asjudy
972,Turectac-i
973,gustojs
974,evanp
975,program247365
976,qinyuhang
977,codebuil
978,cfsghost
979,Rafael-Abne
980,wcandillon
981,fool2fish
982,profdorly
983,MaraCoelho
984,Caiohenrks
985,appex178
986,afslucass
987,ajsb85
988,qinhanlei
989,Felipe118
990,audreyt
991,renzifeng
992,NikeshKhatiwada
993,RaunakSen-EE
994,LeoNouz
995,lmorchard
996,khalilhasan23
997,jmoore78
998,yunjey
999,Omni-Engineering
1000,therealadam
1001,gustavohpaula
1002,CAVIND46016
1003,Kamilahsantos
1004,tongoonamujera
1005,MboyaDan
1006,lnsana
1007,milan8008
1008,Tyriar
1009,gregberge
1010,bramblex
1011,silvesterwali
1012,Xanik
1013,mjkodkks
1014,ArthurHendrich
1015,tpope
1016,qfish
1017,danielPaulinoMesquita
1018,mhavci
1019,fanweixiao
1020,nan
1021,lmanliang
1022,rponte
1023,chicoxyzzy
1024,sangamxi
1025,c-bata
1026,hnlq715
1027,willfarrell
1028,kana
1029,bestony
1030,meteorlxy
1031,buriburisuri
1032,UlricQin
1033,gomex
1034,adrielldev
1035,twostraws
1036,thanhbeo90
1037,biagavirete
1038,royswale
1039,lexdene
1040,denolfe
1041,motanelson
1042,guilouro
1043,homerchen19
1044,angusshire
1045,repjackson
1046,diro5t
1047,lgustavo13
1048,x-team
1049,BrendanEich
1050,jakevdp
1051,AlianeAmaral
1052,starblazingunicorn
1053,shadcn
1054,jjramon1699-ai
1055,timneutkens
1056,samreis
1057,meehawk
1058,vs0uz4
1059,justStarNew
1060,yudai
1061,gcanti
1062,gaocegege
1063,tacomanator
1064,wandermoschetta
1065,freeplant
1066,vanstee
1067,xiedantibu
1068,henriquekcloss
1069,geekwolverine
1070,leai2701
1071,zzzeek
1072,MGdesigner
1073,Zukhrik
1074,kt3k
1075,cassioliveira
1076,caiofelipebss
1077,neolee
1078,allofthenorthwood
1079,camy2015
1080,astaxie
1081,zenorocha
1082,LauraBeatris
1083,alexeygolev
1084,rarikmilkrai
1085,michellycruz
1086,iamsandralima
1087,Oudinunit
1088,vjanz
1089,brigand
1090,Vermisse
1091,ttakkku
1092,codeskyblue
1093,DiogoBortolotti
1094,Linux-Player
1095,SanderSpies
1096,xicilion
1097,bcoe
1098,paulirish
1099,brendenozie
1100,aditineemkar
1101,seanadkinson
1102,honeydatax
1103,btford
1104,ZIEDSAGGUEM
1105,RReverser
1106,ChenYilong
1107,raquelsantoss
1108,PerseusH
1109,MikeMcQuaid
1110,muske8573
1111,moskytw
1112,sferik
1113,fun-loving-otter
1114,cloudwu
1115,be5invis
1116,vezilka
1117,robertpenner
1118,shayan-taheri
1119,filipedeschamps
1120,Clanger72
1121,JBris
1122,aui
1123,calebporzio
1124,Tarokh-Yaghoubi
1125,MaikeRds
1126,henriquebastos
1127,jenbennings
1128,rochacbruno
1129,waruqi
1130,fgtzxw
1131,LuhMoonShy
1132,ArthurGuilhermino
1133,xchanmolx
1134,agentzh
1135,bgw
1136,Amir-Afshar-1
1137,desfpc
1138,AlifAbhiesa
1139,MicheleBertoli
1140,cryptix
1141,mattgperry
1142,imArafatHussein
1143,bdbarreto
1144,codepo8
1145,patcito
1146,leibnizli
1147,Cyebukayire
1148,mikeal
1149,briangonzalez
1150,patriciahoc
1151,emehmet
1152,Jason-Cooke
1153,dearyangyu
1154,AndyGrld
1155,petermartens98
1156,romanofficial
1157,rickhanlonii
1158,kilfu0701
1159,clerkma
1160,jo-angra
1161,obinnadaniel
1162,Kapeli
1163,annatvali
1164,unbug
1165,andlabs
1166,overtrue
1167,TinkerChic-4
1168,vikramrojo
1169,vesparotta
1170,EdsonLuiz
1171,vinayakkulkarni
1172,kuy
1173,fancydeveloper
1174,sabamadadi
1175,hackerd2020
1176,Pranjal0301
1177,seniorcoder72
1178,abhishekkr8399
1179,Growtree9
1180,hseyinsade
1181,Karolyna84
1182,mjasper30
1183,Dimillian
1184,fhugoduarte
1185,steveluscher
1186,azer
1187,simonw
1188,lazybios
1189,joehewitt
1190,rogerwang
1191,leoasis
1192,xushiwei
1193,aramk
1194,duclamhn6666
1195,bennadel
1196,dmethvin
1197,gloriafmcg
1198,daryl
1199,evanw
1200,XfLoops
1201,yohasebe
1202,nelsonic
1203,Stringls
1204,vkandola
1205,clowwindy
1206,felipeuliana
1207,PremChapagain
1208,iovxw
1209,iamcal
1210,lourencofelipe
1211,hesnacaliskan
1212,lucasmontano
1213,satazor
1214,FiloSottile
1215,William-italia
1216,ry
1217,NazmusSayad
1218,freekmurze
1219,lokesh
1220,fsouza
1221,anabastos
1222,e7h4n
1223,ota-meshi
1224,mikechau
1225,cleitonsouza
1226,fayaz-ui
1227,wellington1993
1228,rootsongjc
1229,mnajdova
1230,carpedm20
1231,andreavaccari
1232,jithinraj
1233,DRS90
1234,vimfun
1235,levey
1236,tencent-wechat
1237,srcmilena
1238,JesseLopesTI
1239,pgbovine
1240,rafaelfranca
1241,evanderson-dev
1242,SabeurMohamedAmin
1243,willnorris
1244,MaskRay
1245,developernaimul
1246,tsl0922
1247,KlausEverWalkingDev
1248,Labanya23
1249,igorrsilvaaf
1250,sofianohb
1251,colbyr
1252,tcoopman
1253,Rdx24
1254,wisamosman
1255,Mitesh411
1256,lilydjwg
1257,GusBedasi
1258,philipp-spiess
1259,m-korkut
1260,XF0707
1261,andrewsilva
1262,PaulKinlan
1263,Rishabh1662
1264,ianstormtaylor
1265,AaronNHorvitz
1266,Penguinlay
1267,ninajhun
1268,shamio
1269,mpaullos
1270,DanielJhos
1271,jake100
1272,Rumo0
1273,rod-stuchi
1274,jakejarvis
1275,pinhe91
1276,TimzOwen
1277,AlmirGabriel
1278,zoyaiga3
1279,esin
1280,yesnomaybecan
1281,SelimHorri
1282,jakearchibald
1283,dexeril974
1284,rwieruch
1285,CaioKenedy
1286,jeniblodev
1287,cpojer
1288,happyleow
1289,robsonmarques
1290,kentonv
1291,MichelliBrito
1292,ywuming2022
1293,Miguelcutri
1294,KristallWang
1295,scoobytux
1296,anthonyshort
1297,bchiang7
1298,rubenfonseca
1299,hantmac
1300,phamhavy
1301,Gargron
1302,ELLIOTTCABLE
1303,Mahi-Kanakdhar
1304,codediodeio
1305,emrtnm
1306,wangfupeng1988
1307,ErisvaldoCarvalho
1308,gera2ld
1309,Ninputer
1310,SweetCoding115
1311,linesky
1312,farberjohannrtx
1313,jameshoo7
1314,dalindev
1315,Leandro-Sciola
1316,wadefelix
1317,loiane
1318,justjavac
1319,sergiodxa
1320,onlytiancai
1321,FernandaUQ
1322,Fabicaneyu
1323,TalentedBlu123
1324,DanielBoya
1325,Icenowy
1326,minsle
1327,stubailo
1328,mensonones
1329,takluyver
1330,jose-renato-m
1331,ypersyntelykos
1332,maximmorenko
1333,jeffersonsimaogoncalves
1334,codingscode
1335,singleton11
1336,cazuzabarberino
1337,felixge
1338,Thaiane
1339,batermj
1340,hczhcz
1341,adamlui
1342,MarceloMachadoxD
1343,codekojo
1344,steventroughtonsmith
1345,just-a-bot
1346,ShabnamDeveloper
1347,jacqui
1348,khaosdoctor
1349,jonschlinkert
1350,soulwire
1351,fatih
1352,Huxpro
1353,jjgod
1354,isaacs
1355,mrpaziresh
1356,dimkagithub
1357,Lisprez
1358,dmitshur
1359,ohapov
1360,ccckmit
1361,henriqueln7
1362,jgm
1363,annapawlicka
1364,mojombo
1365,JoramWells
1366,jdevstatic
1367,dinosoid
1368,Ayhamalahmad
1369,sophiebits
1370,behdad
1371,liamdebeasi
1372,chasenpse
1373,mcollina
1374,mkilmerr
1375,dirambora
1376,AlexxNica
1377,matthewpalmer
1378,chrislloyd
1379,matthewwithanm
1380,sebmarkbage
1381,fajarsiddiqfs
1382,JosuaSitorus
1383,lukewestby
1384,AynurSalimli
1385,gabrielpconceicao
1386,vslinko
1387,caiohenriquecp
1388,cusspvz
1389,joseph-njogu
1390,soffes
1391,halgari
1392,fowardcoder
1393,AYIDouble
1394,privatenumber
1395,Fernanda-Kipper
1396,anishathalye
1397,leerob
1398,DavidHu0921
1399,turicas
1400,mozafarimanesh
1401,xlvector
1402,IgorHalfeld
1403,bmviniciuss
1404,CallbackCat777
1405,djhvscf
1406,zilongshanren
1407,camilamaia
1408,xyzhanjiang
1409,acdlite
1410,parkr
1411,Serdanof
1412,aligoren
1413,bahmutov
1414,jiangtck
1415,arthurstatuti
1416,teh-cmc
1417,khvci
1418,lindner
1419,Akshar-code
1420,zhenglu0
1421,MattMarquise
1422,feross
1423,JosiTubaroski
1424,EdaZeynepU
1425,InfoDevEstudent
1426,caneco
1427,geraldo-netto
1428,certified-draco
1429,geekplux
1430,jpoirier
1431,skevy
1432,Bolinha1
1433,aplus-developer
1434,ReidHolmes
1435,jsonxu
1436,Uvacoder
1437,diego3g
1438,torgeir
1439,fernando1dev
1440,torvalds
1441,victorsouza19
1442,tonsky
1443,possibilities
1444,Tatiane754
1445,Raynos
1446,taylorotwell
1447,ImaniAN
1448,deanishe
1449,datungyeu418803
1450,parksangkil
1451,dbader
1452,Liam0205
1453,ImgBotApp
1454,zengfr
1455,jvns
1456,baroquebobcat
1457,vedovelli
1458,miladamilli
1459,huyen227
1460,pedropaulovtz
1461,stefanpenner
1462,ZAK91
1463,siddontang
1464,VinCoD
1465,t4t5
1466,sidinei-silva
1467,Uxxxxxxx
1468,jailecoeu
1469,Ovilia
1470,azproduction
1471,jhamrick
1472,thlorenz
1473,a2
1474,yueksek-onur
1475,fabiodesouza
1476,ahmetb
1477,AnaRaquelCarvalho
1478,Kapitany777
1479,TimothyYe
1480,codewizard0803
1481,trieuphu89
1482,lsbluu
1483,CompuIves
1484,Diogoemannuelrodrigues
1485,232136813
1486,azu
1487,Rafael-Yokoyama
1488,amirrustam
1489,eps1lon
1490,pritianka-zz
1491,milankinen
1492,toomore
1493,iam-peekay
1494,p-chan
1495,rafaballerini
1496,sstephenson
1497,kazuho
1498,riturajjain2000
1499,tlrobinson
